Date_ID,Date,year,Month,Quarter,Date_ID,Last_History_Date
DT00001,01/01/2017,2017,1,Q1,DT00001,01/07/2024
DT00002,02/01/2017,2017,1,Q1,DT00002,02/07/2024
DT00003,03/01/2017,2017,1,Q1,DT00003,03/07/2024
DT00004,04/01/2017,2017,1,Q1,DT00004,04/07/2024
DT00005,05/01/2017,2017,1,Q1,DT00005,05/07/2024
DT00006,06/01/2017,2017,1,Q1,DT00006,06/07/2024
DT00007,07/01/2017,2017,1,Q1,DT00007,07/07/2024
DT00008,08/01/2017,2017,1,Q1,DT00008,08/07/2024
DT00009,09/01/2017,2017,1,Q1,DT00009,09/07/2024
DT00010,10/01/2017,2017,1,Q1,DT00010,10/07/2024
DT00011,11/01/2017,2017,1,Q1,DT00011,11/07/2024
DT00012,12/01/2017,2017,1,Q1,DT00012,12/07/2024
DT00013,13/01/2017,2017,1,Q1,DT00013,13/07/2024
DT00014,14/01/2017,2017,1,Q1,DT00014,14/07/2024
DT00015,15/01/2017,2017,1,Q1,DT00015,15/07/2024
DT00016,16/01/2017,2017,1,Q1,DT00016,16/07/2024
DT00017,17/01/2017,2017,1,Q1,DT00017,17/07/2024
DT00018,18/01/2017,2017,1,Q1,DT00018,18/07/2024
DT00019,19/01/2017,2017,1,Q1,DT00019,19/07/2024
DT00020,20/01/2017,2017,1,Q1,DT00020,20/07/2024
DT00021,21/01/2017,2017,1,Q1,DT00021,21/07/2024
DT00022,22/01/2017,2017,1,Q1,DT00022,22/07/2024
DT00023,23/01/2017,2017,1,Q1,DT00023,23/07/2024
DT00024,24/01/2017,2017,1,Q1,DT00024,24/07/2024
DT00025,25/01/2017,2017,1,Q1,DT00025,25/07/2024
DT00026,26/01/2017,2017,1,Q1,DT00026,26/07/2024
DT00027,27/01/2017,2017,1,Q1,DT00027,27/07/2024
DT00028,28/01/2017,2017,1,Q1,DT00028,28/07/2024
DT00029,29/01/2017,2017,1,Q1,DT00029,29/07/2024
DT00030,30/01/2017,2017,1,Q1,DT00030,30/07/2024
DT00031,31/01/2017,2017,1,Q1,DT00031,31/07/2024
DT00032,01/02/2017,2017,2,Q1,DT00032,01/08/2024
DT00033,02/02/2017,2017,2,Q1,DT00033,02/08/2024
DT00034,03/02/2017,2017,2,Q1,DT00034,03/08/2024
DT00035,04/02/2017,2017,2,Q1,DT00035,04/08/2024
DT00036,05/02/2017,2017,2,Q1,DT00036,05/08/2024
DT00037,06/02/2017,2017,2,Q1,DT00037,06/08/2024
DT00038,07/02/2017,2017,2,Q1,DT00038,07/08/2024
DT00039,08/02/2017,2017,2,Q1,DT00039,08/08/2024
DT00040,09/02/2017,2017,2,Q1,DT00040,09/08/2024
DT00041,10/02/2017,2017,2,Q1,DT00041,10/08/2024
DT00042,11/02/2017,2017,2,Q1,DT00042,11/08/2024
DT00043,12/02/2017,2017,2,Q1,DT00043,12/08/2024
DT00044,13/02/2017,2017,2,Q1,DT00044,13/08/2024
DT00045,14/02/2017,2017,2,Q1,DT00045,14/08/2024
DT00046,15/02/2017,2017,2,Q1,DT00046,15/08/2024
DT00047,16/02/2017,2017,2,Q1,DT00047,16/08/2024
DT00048,17/02/2017,2017,2,Q1,DT00048,17/08/2024
DT00049,18/02/2017,2017,2,Q1,DT00049,18/08/2024
DT00050,19/02/2017,2017,2,Q1,DT00050,19/08/2024
DT00051,20/02/2017,2017,2,Q1,DT00051,20/08/2024
DT00052,21/02/2017,2017,2,Q1,DT00052,21/08/2024
DT00053,22/02/2017,2017,2,Q1,DT00053,22/08/2024
DT00054,23/02/2017,2017,2,Q1,DT00054,23/08/2024
DT00055,24/02/2017,2017,2,Q1,DT00055,24/08/2024
DT00056,25/02/2017,2017,2,Q1,DT00056,25/08/2024
DT00057,26/02/2017,2017,2,Q1,DT00057,26/08/2024
DT00058,27/02/2017,2017,2,Q1,DT00058,27/08/2024
DT00059,28/02/2017,2017,2,Q1,DT00059,28/08/2024
DT00060,01/03/2017,2017,3,Q1,DT00060,29/08/2024
DT00061,02/03/2017,2017,3,Q1,DT00061,30/08/2024
DT00062,03/03/2017,2017,3,Q1,DT00062,31/08/2024
DT00063,04/03/2017,2017,3,Q1,DT00063,01/09/2024
DT00064,05/03/2017,2017,3,Q1,DT00064,02/09/2024
DT00065,06/03/2017,2017,3,Q1,DT00065,03/09/2024
DT00066,07/03/2017,2017,3,Q1,DT00066,04/09/2024
DT00067,08/03/2017,2017,3,Q1,DT00067,05/09/2024
DT00068,09/03/2017,2017,3,Q1,DT00068,06/09/2024
DT00069,10/03/2017,2017,3,Q1,DT00069,07/09/2024
DT00070,11/03/2017,2017,3,Q1,DT00070,08/09/2024
DT00071,12/03/2017,2017,3,Q1,DT00071,09/09/2024
DT00072,13/03/2017,2017,3,Q1,DT00072,10/09/2024
DT00073,14/03/2017,2017,3,Q1,DT00073,11/09/2024
DT00074,15/03/2017,2017,3,Q1,DT00074,12/09/2024
DT00075,16/03/2017,2017,3,Q1,DT00075,13/09/2024
DT00076,17/03/2017,2017,3,Q1,DT00076,14/09/2024
DT00077,18/03/2017,2017,3,Q1,DT00077,15/09/2024
DT00078,19/03/2017,2017,3,Q1,DT00078,16/09/2024
DT00079,20/03/2017,2017,3,Q1,DT00079,17/09/2024
DT00080,21/03/2017,2017,3,Q1,DT00080,18/09/2024
DT00081,22/03/2017,2017,3,Q1,DT00081,19/09/2024
DT00082,23/03/2017,2017,3,Q1,DT00082,20/09/2024
DT00083,24/03/2017,2017,3,Q1,DT00083,21/09/2024
DT00084,25/03/2017,2017,3,Q1,DT00084,22/09/2024
DT00085,26/03/2017,2017,3,Q1,DT00085,23/09/2024
DT00086,27/03/2017,2017,3,Q1,DT00086,24/09/2024
DT00087,28/03/2017,2017,3,Q1,DT00087,25/09/2024
DT00088,29/03/2017,2017,3,Q1,DT00088,26/09/2024
DT00089,30/03/2017,2017,3,Q1,DT00089,27/09/2024
DT00090,31/03/2017,2017,3,Q1,DT00090,28/09/2024
DT00091,01/04/2017,2017,4,Q2,DT00091,29/09/2024
DT00092,02/04/2017,2017,4,Q2,DT00092,30/09/2024
DT00093,03/04/2017,2017,4,Q2,DT00093,01/10/2024
DT00094,04/04/2017,2017,4,Q2,DT00094,02/10/2024
DT00095,05/04/2017,2017,4,Q2,DT00095,03/10/2024
DT00096,06/04/2017,2017,4,Q2,DT00096,04/10/2024
DT00097,07/04/2017,2017,4,Q2,DT00097,05/10/2024
DT00098,08/04/2017,2017,4,Q2,DT00098,06/10/2024
DT00099,09/04/2017,2017,4,Q2,DT00099,07/10/2024
DT00100,10/04/2017,2017,4,Q2,DT00100,08/10/2024
DT00101,11/04/2017,2017,4,Q2,DT00101,09/10/2024
DT00102,12/04/2017,2017,4,Q2,DT00102,10/10/2024
DT00103,13/04/2017,2017,4,Q2,DT00103,11/10/2024
DT00104,14/04/2017,2017,4,Q2,DT00104,12/10/2024
DT00105,15/04/2017,2017,4,Q2,DT00105,13/10/2024
DT00106,16/04/2017,2017,4,Q2,DT00106,14/10/2024
DT00107,17/04/2017,2017,4,Q2,DT00107,15/10/2024
DT00108,18/04/2017,2017,4,Q2,DT00108,16/10/2024
DT00109,19/04/2017,2017,4,Q2,DT00109,17/10/2024
DT00110,20/04/2017,2017,4,Q2,DT00110,18/10/2024
DT00111,21/04/2017,2017,4,Q2,DT00111,19/10/2024
DT00112,22/04/2017,2017,4,Q2,DT00112,20/10/2024
DT00113,23/04/2017,2017,4,Q2,DT00113,21/10/2024
DT00114,24/04/2017,2017,4,Q2,DT00114,22/10/2024
DT00115,25/04/2017,2017,4,Q2,DT00115,23/10/2024
DT00116,26/04/2017,2017,4,Q2,DT00116,24/10/2024
DT00117,27/04/2017,2017,4,Q2,DT00117,25/10/2024
DT00118,28/04/2017,2017,4,Q2,DT00118,26/10/2024
DT00119,29/04/2017,2017,4,Q2,DT00119,27/10/2024
DT00120,30/04/2017,2017,4,Q2,DT00120,28/10/2024
DT00121,01/05/2017,2017,5,Q2,DT00121,29/10/2024
DT00122,02/05/2017,2017,5,Q2,DT00122,30/10/2024
DT00123,03/05/2017,2017,5,Q2,DT00123,31/10/2024
DT00124,04/05/2017,2017,5,Q2,DT00124,01/11/2024
DT00125,05/05/2017,2017,5,Q2,DT00125,02/11/2024
DT00126,06/05/2017,2017,5,Q2,DT00126,03/11/2024
DT00127,07/05/2017,2017,5,Q2,DT00127,04/11/2024
DT00128,08/05/2017,2017,5,Q2,DT00128,05/11/2024
DT00129,09/05/2017,2017,5,Q2,DT00129,06/11/2024
DT00130,10/05/2017,2017,5,Q2,DT00130,07/11/2024
DT00131,11/05/2017,2017,5,Q2,DT00131,08/11/2024
DT00132,12/05/2017,2017,5,Q2,DT00132,09/11/2024
DT00133,13/05/2017,2017,5,Q2,DT00133,10/11/2024
DT00134,14/05/2017,2017,5,Q2,DT00134,11/11/2024
DT00135,15/05/2017,2017,5,Q2,DT00135,12/11/2024
DT00136,16/05/2017,2017,5,Q2,DT00136,13/11/2024
DT00137,17/05/2017,2017,5,Q2,DT00137,14/11/2024
DT00138,18/05/2017,2017,5,Q2,DT00138,15/11/2024
DT00139,19/05/2017,2017,5,Q2,DT00139,16/11/2024
DT00140,20/05/2017,2017,5,Q2,DT00140,17/11/2024
DT00141,21/05/2017,2017,5,Q2,DT00141,18/11/2024
DT00142,22/05/2017,2017,5,Q2,DT00142,19/11/2024
DT00143,23/05/2017,2017,5,Q2,DT00143,20/11/2024
DT00144,24/05/2017,2017,5,Q2,DT00144,21/11/2024
DT00145,25/05/2017,2017,5,Q2,DT00145,22/11/2024
DT00146,26/05/2017,2017,5,Q2,DT00146,23/11/2024
DT00147,27/05/2017,2017,5,Q2,DT00147,24/11/2024
DT00148,28/05/2017,2017,5,Q2,DT00148,25/11/2024
DT00149,29/05/2017,2017,5,Q2,DT00149,26/11/2024
DT00150,30/05/2017,2017,5,Q2,DT00150,27/11/2024
DT00151,31/05/2017,2017,5,Q2,DT00151,28/11/2024
DT00152,01/06/2017,2017,6,Q2,DT00152,29/11/2024
DT00153,02/06/2017,2017,6,Q2,DT00153,30/11/2024
DT00154,03/06/2017,2017,6,Q2,DT00154,01/12/2024
DT00155,04/06/2017,2017,6,Q2,DT00155,02/12/2024
DT00156,05/06/2017,2017,6,Q2,DT00156,03/12/2024
DT00157,06/06/2017,2017,6,Q2,DT00157,04/12/2024
DT00158,07/06/2017,2017,6,Q2,DT00158,05/12/2024
DT00159,08/06/2017,2017,6,Q2,DT00159,06/12/2024
DT00160,09/06/2017,2017,6,Q2,DT00160,07/12/2024
DT00161,10/06/2017,2017,6,Q2,DT00161,08/12/2024
DT00162,11/06/2017,2017,6,Q2,DT00162,09/12/2024
DT00163,12/06/2017,2017,6,Q2,DT00163,10/12/2024
DT00164,13/06/2017,2017,6,Q2,DT00164,11/12/2024
DT00165,14/06/2017,2017,6,Q2,DT00165,12/12/2024
DT00166,15/06/2017,2017,6,Q2,DT00166,13/12/2024
DT00167,16/06/2017,2017,6,Q2,DT00167,14/12/2024
DT00168,17/06/2017,2017,6,Q2,DT00168,15/12/2024
DT00169,18/06/2017,2017,6,Q2,DT00169,16/12/2024
DT00170,19/06/2017,2017,6,Q2,DT00170,17/12/2024
DT00171,20/06/2017,2017,6,Q2,DT00171,18/12/2024
DT00172,21/06/2017,2017,6,Q2,DT00172,19/12/2024
DT00173,22/06/2017,2017,6,Q2,DT00173,20/12/2024
DT00174,23/06/2017,2017,6,Q2,DT00174,21/12/2024
DT00175,24/06/2017,2017,6,Q2,DT00175,22/12/2024
DT00176,25/06/2017,2017,6,Q2,DT00176,23/12/2024
DT00177,26/06/2017,2017,6,Q2,DT00177,24/12/2024
DT00178,27/06/2017,2017,6,Q2,DT00178,25/12/2024
DT00179,28/06/2017,2017,6,Q2,DT00179,26/12/2024
DT00180,29/06/2017,2017,6,Q2,DT00180,27/12/2024
DT00181,30/06/2017,2017,6,Q2,DT00181,28/12/2024
DT00182,01/07/2017,2017,7,Q3,DT00182,29/12/2024
DT00183,02/07/2017,2017,7,Q3,DT00183,30/12/2024
DT00184,03/07/2017,2017,7,Q3,DT00184,31/12/2024
DT00185,04/07/2017,2017,7,Q3,DT00185,01/01/2025
DT00186,05/07/2017,2017,7,Q3,DT00186,02/01/2025
DT00187,06/07/2017,2017,7,Q3,DT00187,03/01/2025
DT00188,07/07/2017,2017,7,Q3,DT00188,04/01/2025
DT00189,08/07/2017,2017,7,Q3,DT00189,05/01/2025
DT00190,09/07/2017,2017,7,Q3,DT00190,06/01/2025
DT00191,10/07/2017,2017,7,Q3,DT00191,07/01/2025
DT00192,11/07/2017,2017,7,Q3,DT00192,08/01/2025
DT00193,12/07/2017,2017,7,Q3,DT00193,09/01/2025
DT00194,13/07/2017,2017,7,Q3,DT00194,10/01/2025
DT00195,14/07/2017,2017,7,Q3,DT00195,11/01/2025
DT00196,15/07/2017,2017,7,Q3,DT00196,12/01/2025
DT00197,16/07/2017,2017,7,Q3,DT00197,13/01/2025
DT00198,17/07/2017,2017,7,Q3,DT00198,14/01/2025
DT00199,18/07/2017,2017,7,Q3,DT00199,15/01/2025
DT00200,19/07/2017,2017,7,Q3,DT00200,16/01/2025
DT00201,20/07/2017,2017,7,Q3,DT00201,17/01/2025
DT00202,21/07/2017,2017,7,Q3,DT00202,18/01/2025
DT00203,22/07/2017,2017,7,Q3,DT00203,19/01/2025
DT00204,23/07/2017,2017,7,Q3,DT00204,20/01/2025
DT00205,24/07/2017,2017,7,Q3,DT00205,21/01/2025
DT00206,25/07/2017,2017,7,Q3,DT00206,22/01/2025
DT00207,26/07/2017,2017,7,Q3,DT00207,23/01/2025
DT00208,27/07/2017,2017,7,Q3,DT00208,24/01/2025
DT00209,28/07/2017,2017,7,Q3,DT00209,25/01/2025
DT00210,29/07/2017,2017,7,Q3,DT00210,26/01/2025
DT00211,30/07/2017,2017,7,Q3,DT00211,27/01/2025
DT00212,31/07/2017,2017,7,Q3,DT00212,28/01/2025
DT00213,01/08/2017,2017,8,Q3,DT00213,29/01/2025
DT00214,02/08/2017,2017,8,Q3,DT00214,30/01/2025
DT00215,03/08/2017,2017,8,Q3,DT00215,31/01/2025
DT00216,04/08/2017,2017,8,Q3,DT00216,01/02/2025
DT00217,05/08/2017,2017,8,Q3,DT00217,02/02/2025
DT00218,06/08/2017,2017,8,Q3,DT00218,03/02/2025
DT00219,07/08/2017,2017,8,Q3,DT00219,04/02/2025
DT00220,08/08/2017,2017,8,Q3,DT00220,05/02/2025
DT00221,09/08/2017,2017,8,Q3,DT00221,06/02/2025
DT00222,10/08/2017,2017,8,Q3,DT00222,07/02/2025
DT00223,11/08/2017,2017,8,Q3,DT00223,08/02/2025
DT00224,12/08/2017,2017,8,Q3,DT00224,09/02/2025
DT00225,13/08/2017,2017,8,Q3,DT00225,10/02/2025
DT00226,14/08/2017,2017,8,Q3,DT00226,11/02/2025
DT00227,15/08/2017,2017,8,Q3,DT00227,12/02/2025
DT00228,16/08/2017,2017,8,Q3,DT00228,13/02/2025
DT00229,17/08/2017,2017,8,Q3,DT00229,14/02/2025
DT00230,18/08/2017,2017,8,Q3,DT00230,15/02/2025
DT00231,19/08/2017,2017,8,Q3,DT00231,16/02/2025
DT00232,20/08/2017,2017,8,Q3,DT00232,17/02/2025
DT00233,21/08/2017,2017,8,Q3,DT00233,18/02/2025
DT00234,22/08/2017,2017,8,Q3,DT00234,19/02/2025
DT00235,23/08/2017,2017,8,Q3,DT00235,20/02/2025
DT00236,24/08/2017,2017,8,Q3,DT00236,21/02/2025
DT00237,25/08/2017,2017,8,Q3,DT00237,22/02/2025
DT00238,26/08/2017,2017,8,Q3,DT00238,23/02/2025
DT00239,27/08/2017,2017,8,Q3,DT00239,24/02/2025
DT00240,28/08/2017,2017,8,Q3,DT00240,25/02/2025
DT00241,29/08/2017,2017,8,Q3,DT00241,26/02/2025
DT00242,30/08/2017,2017,8,Q3,DT00242,27/02/2025
DT00243,31/08/2017,2017,8,Q3,DT00243,28/02/2025
DT00244,01/09/2017,2017,9,Q3,DT00244,01/03/2025
DT00245,02/09/2017,2017,9,Q3,DT00245,02/03/2025
DT00246,03/09/2017,2017,9,Q3,DT00246,03/03/2025
DT00247,04/09/2017,2017,9,Q3,DT00247,04/03/2025
DT00248,05/09/2017,2017,9,Q3,DT00248,05/03/2025
DT00249,06/09/2017,2017,9,Q3,DT00249,06/03/2025
DT00250,07/09/2017,2017,9,Q3,DT00250,07/03/2025
DT00251,08/09/2017,2017,9,Q3,DT00251,08/03/2025
DT00252,09/09/2017,2017,9,Q3,DT00252,09/03/2025
DT00253,10/09/2017,2017,9,Q3,DT00253,10/03/2025
DT00254,11/09/2017,2017,9,Q3,DT00254,11/03/2025
DT00255,12/09/2017,2017,9,Q3,DT00255,12/03/2025
DT00256,13/09/2017,2017,9,Q3,DT00256,13/03/2025
DT00257,14/09/2017,2017,9,Q3,DT00257,14/03/2025
DT00258,15/09/2017,2017,9,Q3,DT00258,15/03/2025
DT00259,16/09/2017,2017,9,Q3,DT00259,16/03/2025
DT00260,17/09/2017,2017,9,Q3,DT00260,17/03/2025
DT00261,18/09/2017,2017,9,Q3,DT00261,18/03/2025
DT00262,19/09/2017,2017,9,Q3,DT00262,19/03/2025
DT00263,20/09/2017,2017,9,Q3,DT00263,20/03/2025
DT00264,21/09/2017,2017,9,Q3,DT00264,21/03/2025
DT00265,22/09/2017,2017,9,Q3,DT00265,22/03/2025
DT00266,23/09/2017,2017,9,Q3,DT00266,23/03/2025
DT00267,24/09/2017,2017,9,Q3,DT00267,24/03/2025
DT00268,25/09/2017,2017,9,Q3,DT00268,25/03/2025
DT00269,26/09/2017,2017,9,Q3,DT00269,26/03/2025
DT00270,27/09/2017,2017,9,Q3,DT00270,27/03/2025
DT00271,28/09/2017,2017,9,Q3,DT00271,28/03/2025
DT00272,29/09/2017,2017,9,Q3,DT00272,29/03/2025
DT00273,30/09/2017,2017,9,Q3,DT00273,30/03/2025
DT00274,01/10/2017,2017,10,Q4,DT00274,31/03/2025
DT00275,02/10/2017,2017,10,Q4,DT00275,01/04/2025
DT00276,03/10/2017,2017,10,Q4,DT00276,02/04/2025
DT00277,04/10/2017,2017,10,Q4,DT00277,03/04/2025
DT00278,05/10/2017,2017,10,Q4,DT00278,04/04/2025
DT00279,06/10/2017,2017,10,Q4,DT00279,05/04/2025
DT00280,07/10/2017,2017,10,Q4,DT00280,06/04/2025
DT00281,08/10/2017,2017,10,Q4,DT00281,07/04/2025
DT00282,09/10/2017,2017,10,Q4,DT00282,08/04/2025
DT00283,10/10/2017,2017,10,Q4,DT00283,09/04/2025
DT00284,11/10/2017,2017,10,Q4,DT00284,10/04/2025
DT00285,12/10/2017,2017,10,Q4,DT00285,11/04/2025
DT00286,13/10/2017,2017,10,Q4,DT00286,12/04/2025
DT00287,14/10/2017,2017,10,Q4,DT00287,13/04/2025
DT00288,15/10/2017,2017,10,Q4,DT00288,14/04/2025
DT00289,16/10/2017,2017,10,Q4,DT00289,15/04/2025
DT00290,17/10/2017,2017,10,Q4,DT00290,16/04/2025
DT00291,18/10/2017,2017,10,Q4,DT00291,17/04/2025
DT00292,19/10/2017,2017,10,Q4,DT00292,18/04/2025
DT00293,20/10/2017,2017,10,Q4,DT00293,19/04/2025
DT00294,21/10/2017,2017,10,Q4,DT00294,20/04/2025
DT00295,22/10/2017,2017,10,Q4,DT00295,21/04/2025
DT00296,23/10/2017,2017,10,Q4,DT00296,22/04/2025
DT00297,24/10/2017,2017,10,Q4,DT00297,23/04/2025
DT00298,25/10/2017,2017,10,Q4,DT00298,24/04/2025
DT00299,26/10/2017,2017,10,Q4,DT00299,25/04/2025
DT00300,27/10/2017,2017,10,Q4,DT00300,26/04/2025
DT00301,28/10/2017,2017,10,Q4,DT00301,27/04/2025
DT00302,29/10/2017,2017,10,Q4,DT00302,28/04/2025
DT00303,30/10/2017,2017,10,Q4,DT00303,29/04/2025
DT00304,31/10/2017,2017,10,Q4,DT00304,30/04/2025
DT00305,01/11/2017,2017,11,Q4,DT00305,01/05/2025
DT00306,02/11/2017,2017,11,Q4,DT00306,02/05/2025
DT00307,03/11/2017,2017,11,Q4,DT00307,03/05/2025
DT00308,04/11/2017,2017,11,Q4,DT00308,04/05/2025
DT00309,05/11/2017,2017,11,Q4,DT00309,05/05/2025
DT00310,06/11/2017,2017,11,Q4,DT00310,06/05/2025
DT00311,07/11/2017,2017,11,Q4,DT00311,07/05/2025
DT00312,08/11/2017,2017,11,Q4,DT00312,08/05/2025
DT00313,09/11/2017,2017,11,Q4,DT00313,09/05/2025
DT00314,10/11/2017,2017,11,Q4,DT00314,10/05/2025
DT00315,11/11/2017,2017,11,Q4,DT00315,11/05/2025
DT00316,12/11/2017,2017,11,Q4,DT00316,12/05/2025
DT00317,13/11/2017,2017,11,Q4,DT00317,13/05/2025
DT00318,14/11/2017,2017,11,Q4,DT00318,14/05/2025
DT00319,15/11/2017,2017,11,Q4,DT00319,15/05/2025
DT00320,16/11/2017,2017,11,Q4,DT00320,16/05/2025
DT00321,17/11/2017,2017,11,Q4,DT00321,17/05/2025
DT00322,18/11/2017,2017,11,Q4,DT00322,18/05/2025
DT00323,19/11/2017,2017,11,Q4,DT00323,19/05/2025
DT00324,20/11/2017,2017,11,Q4,DT00324,20/05/2025
DT00325,21/11/2017,2017,11,Q4,DT00325,21/05/2025
DT00326,22/11/2017,2017,11,Q4,DT00326,22/05/2025
DT00327,23/11/2017,2017,11,Q4,DT00327,23/05/2025
DT00328,24/11/2017,2017,11,Q4,DT00328,24/05/2025
DT00329,25/11/2017,2017,11,Q4,DT00329,25/05/2025
DT00330,26/11/2017,2017,11,Q4,DT00330,26/05/2025
DT00331,27/11/2017,2017,11,Q4,DT00331,27/05/2025
DT00332,28/11/2017,2017,11,Q4,DT00332,28/05/2025
DT00333,29/11/2017,2017,11,Q4,DT00333,29/05/2025
DT00334,30/11/2017,2017,11,Q4,DT00334,30/05/2025
DT00335,01/12/2017,2017,12,Q4,DT00335,31/05/2025
DT00336,02/12/2017,2017,12,Q4,DT00336,01/06/2025
DT00337,03/12/2017,2017,12,Q4,DT00337,02/06/2025
DT00338,04/12/2017,2017,12,Q4,DT00338,03/06/2025
DT00339,05/12/2017,2017,12,Q4,DT00339,04/06/2025
DT00340,06/12/2017,2017,12,Q4,DT00340,05/06/2025
DT00341,07/12/2017,2017,12,Q4,DT00341,06/06/2025
DT00342,08/12/2017,2017,12,Q4,DT00342,07/06/2025
DT00343,09/12/2017,2017,12,Q4,DT00343,08/06/2025
DT00344,10/12/2017,2017,12,Q4,DT00344,09/06/2025
DT00345,11/12/2017,2017,12,Q4,DT00345,10/06/2025
DT00346,12/12/2017,2017,12,Q4,DT00346,11/06/2025
DT00347,13/12/2017,2017,12,Q4,DT00347,12/06/2025
DT00348,14/12/2017,2017,12,Q4,DT00348,13/06/2025
DT00349,15/12/2017,2017,12,Q4,DT00349,14/06/2025
DT00350,16/12/2017,2017,12,Q4,DT00350,15/06/2025
DT00351,17/12/2017,2017,12,Q4,DT00351,16/06/2025
DT00352,18/12/2017,2017,12,Q4,DT00352,17/06/2025
DT00353,19/12/2017,2017,12,Q4,DT00353,18/06/2025
DT00354,20/12/2017,2017,12,Q4,DT00354,19/06/2025
DT00355,21/12/2017,2017,12,Q4,DT00355,20/06/2025
DT00356,22/12/2017,2017,12,Q4,DT00356,21/06/2025
DT00357,23/12/2017,2017,12,Q4,DT00357,22/06/2025
DT00358,24/12/2017,2017,12,Q4,DT00358,23/06/2025
DT00359,25/12/2017,2017,12,Q4,DT00359,24/06/2025
DT00360,26/12/2017,2017,12,Q4,DT00360,25/06/2025
DT00361,27/12/2017,2017,12,Q4,DT00361,26/06/2025
DT00362,28/12/2017,2017,12,Q4,DT00362,27/06/2025
DT00363,29/12/2017,2017,12,Q4,DT00363,28/06/2025
DT00364,30/12/2017,2017,12,Q4,DT00364,29/06/2025
DT00365,31/12/2017,2017,12,Q4,DT00365,30/06/2025
DT00366,01/01/2018,2018,1,Q1,DT00366,01/07/2025
DT00367,02/01/2018,2018,1,Q1,DT00367,02/07/2025
DT00368,03/01/2018,2018,1,Q1,DT00368,03/07/2025
DT00369,04/01/2018,2018,1,Q1,DT00369,04/07/2025
DT00370,05/01/2018,2018,1,Q1,DT00370,05/07/2025
DT00371,06/01/2018,2018,1,Q1,DT00371,06/07/2025
DT00372,07/01/2018,2018,1,Q1,DT00372,07/07/2025
DT00373,08/01/2018,2018,1,Q1,DT00373,08/07/2025
DT00374,09/01/2018,2018,1,Q1,DT00374,09/07/2025
DT00375,10/01/2018,2018,1,Q1,DT00375,10/07/2025
DT00376,11/01/2018,2018,1,Q1,DT00376,11/07/2025
DT00377,12/01/2018,2018,1,Q1,DT00377,12/07/2025
DT00378,13/01/2018,2018,1,Q1,DT00378,13/07/2025
DT00379,14/01/2018,2018,1,Q1,DT00379,14/07/2025
DT00380,15/01/2018,2018,1,Q1,DT00380,15/07/2025
DT00381,16/01/2018,2018,1,Q1,DT00381,16/07/2025
DT00382,17/01/2018,2018,1,Q1,DT00382,17/07/2025
DT00383,18/01/2018,2018,1,Q1,DT00383,18/07/2025
DT00384,19/01/2018,2018,1,Q1,DT00384,19/07/2025
DT00385,20/01/2018,2018,1,Q1,DT00385,20/07/2025
DT00386,21/01/2018,2018,1,Q1,DT00386,21/07/2025
DT00387,22/01/2018,2018,1,Q1,DT00387,22/07/2025
DT00388,23/01/2018,2018,1,Q1,DT00388,23/07/2025
DT00389,24/01/2018,2018,1,Q1,DT00389,24/07/2025
DT00390,25/01/2018,2018,1,Q1,DT00390,25/07/2025
DT00391,26/01/2018,2018,1,Q1,DT00391,26/07/2025
DT00392,27/01/2018,2018,1,Q1,DT00392,27/07/2025
DT00393,28/01/2018,2018,1,Q1,DT00393,28/07/2025
DT00394,29/01/2018,2018,1,Q1,DT00394,29/07/2025
DT00395,30/01/2018,2018,1,Q1,DT00395,30/07/2025
DT00396,31/01/2018,2018,1,Q1,DT00396,31/07/2025
DT00397,01/02/2018,2018,2,Q1,DT00397,01/08/2025
DT00398,02/02/2018,2018,2,Q1,DT00398,02/08/2025
DT00399,03/02/2018,2018,2,Q1,DT00399,03/08/2025
DT00400,04/02/2018,2018,2,Q1,DT00400,04/08/2025
DT00401,05/02/2018,2018,2,Q1,DT00401,05/08/2025
DT00402,06/02/2018,2018,2,Q1,DT00402,06/08/2025
DT00403,07/02/2018,2018,2,Q1,DT00403,07/08/2025
DT00404,08/02/2018,2018,2,Q1,DT00404,08/08/2025
DT00405,09/02/2018,2018,2,Q1,DT00405,09/08/2025
DT00406,10/02/2018,2018,2,Q1,DT00406,10/08/2025
DT00407,11/02/2018,2018,2,Q1,DT00407,11/08/2025
DT00408,12/02/2018,2018,2,Q1,DT00408,12/08/2025
DT00409,13/02/2018,2018,2,Q1,DT00409,13/08/2025
DT00410,14/02/2018,2018,2,Q1,DT00410,14/08/2025
DT00411,15/02/2018,2018,2,Q1,DT00411,15/08/2025
DT00412,16/02/2018,2018,2,Q1,DT00412,16/08/2025
DT00413,17/02/2018,2018,2,Q1,DT00413,17/08/2025
DT00414,18/02/2018,2018,2,Q1,DT00414,18/08/2025
DT00415,19/02/2018,2018,2,Q1,DT00415,19/08/2025
DT00416,20/02/2018,2018,2,Q1,DT00416,20/08/2025
DT00417,21/02/2018,2018,2,Q1,DT00417,21/08/2025
DT00418,22/02/2018,2018,2,Q1,DT00418,22/08/2025
DT00419,23/02/2018,2018,2,Q1,DT00419,23/08/2025
DT00420,24/02/2018,2018,2,Q1,DT00420,24/08/2025
DT00421,25/02/2018,2018,2,Q1,DT00421,25/08/2025
DT00422,26/02/2018,2018,2,Q1,DT00422,26/08/2025
DT00423,27/02/2018,2018,2,Q1,DT00423,27/08/2025
DT00424,28/02/2018,2018,2,Q1,DT00424,28/08/2025
DT00425,01/03/2018,2018,3,Q1,DT00425,29/08/2025
DT00426,02/03/2018,2018,3,Q1,DT00426,30/08/2025
DT00427,03/03/2018,2018,3,Q1,DT00427,31/08/2025
DT00428,04/03/2018,2018,3,Q1,DT00428,01/09/2025
DT00429,05/03/2018,2018,3,Q1,DT00429,02/09/2025
DT00430,06/03/2018,2018,3,Q1,DT00430,03/09/2025
DT00431,07/03/2018,2018,3,Q1,DT00431,04/09/2025
DT00432,08/03/2018,2018,3,Q1,DT00432,05/09/2025
DT00433,09/03/2018,2018,3,Q1,DT00433,06/09/2025
DT00434,10/03/2018,2018,3,Q1,DT00434,07/09/2025
DT00435,11/03/2018,2018,3,Q1,DT00435,08/09/2025
DT00436,12/03/2018,2018,3,Q1,DT00436,09/09/2025
DT00437,13/03/2018,2018,3,Q1,DT00437,10/09/2025
DT00438,14/03/2018,2018,3,Q1,DT00438,11/09/2025
DT00439,15/03/2018,2018,3,Q1,DT00439,12/09/2025
DT00440,16/03/2018,2018,3,Q1,DT00440,13/09/2025
DT00441,17/03/2018,2018,3,Q1,DT00441,14/09/2025
DT00442,18/03/2018,2018,3,Q1,DT00442,15/09/2025
DT00443,19/03/2018,2018,3,Q1,DT00443,16/09/2025
DT00444,20/03/2018,2018,3,Q1,DT00444,17/09/2025
DT00445,21/03/2018,2018,3,Q1,DT00445,18/09/2025
DT00446,22/03/2018,2018,3,Q1,DT00446,19/09/2025
DT00447,23/03/2018,2018,3,Q1,DT00447,20/09/2025
DT00448,24/03/2018,2018,3,Q1,DT00448,21/09/2025
DT00449,25/03/2018,2018,3,Q1,DT00449,22/09/2025
DT00450,26/03/2018,2018,3,Q1,DT00450,23/09/2025
DT00451,27/03/2018,2018,3,Q1,DT00451,24/09/2025
DT00452,28/03/2018,2018,3,Q1,DT00452,25/09/2025
DT00453,29/03/2018,2018,3,Q1,DT00453,26/09/2025
DT00454,30/03/2018,2018,3,Q1,DT00454,27/09/2025
DT00455,31/03/2018,2018,3,Q1,DT00455,28/09/2025
DT00456,01/04/2018,2018,4,Q2,DT00456,29/09/2025
DT00457,02/04/2018,2018,4,Q2,DT00457,30/09/2025
DT00458,03/04/2018,2018,4,Q2,DT00458,01/10/2025
DT00459,04/04/2018,2018,4,Q2,DT00459,02/10/2025
DT00460,05/04/2018,2018,4,Q2,DT00460,03/10/2025
DT00461,06/04/2018,2018,4,Q2,DT00461,04/10/2025
DT00462,07/04/2018,2018,4,Q2,DT00462,05/10/2025
DT00463,08/04/2018,2018,4,Q2,DT00463,06/10/2025
DT00464,09/04/2018,2018,4,Q2,DT00464,07/10/2025
DT00465,10/04/2018,2018,4,Q2,DT00465,08/10/2025
DT00466,11/04/2018,2018,4,Q2,DT00466,09/10/2025
DT00467,12/04/2018,2018,4,Q2,DT00467,10/10/2025
DT00468,13/04/2018,2018,4,Q2,DT00468,11/10/2025
DT00469,14/04/2018,2018,4,Q2,DT00469,12/10/2025
DT00470,15/04/2018,2018,4,Q2,DT00470,13/10/2025
DT00471,16/04/2018,2018,4,Q2,DT00471,14/10/2025
DT00472,17/04/2018,2018,4,Q2,DT00472,15/10/2025
DT00473,18/04/2018,2018,4,Q2,DT00473,16/10/2025
DT00474,19/04/2018,2018,4,Q2,DT00474,17/10/2025
DT00475,20/04/2018,2018,4,Q2,DT00475,18/10/2025
DT00476,21/04/2018,2018,4,Q2,DT00476,19/10/2025
DT00477,22/04/2018,2018,4,Q2,DT00477,20/10/2025
DT00478,23/04/2018,2018,4,Q2,DT00478,21/10/2025
DT00479,24/04/2018,2018,4,Q2,DT00479,22/10/2025
DT00480,25/04/2018,2018,4,Q2,DT00480,23/10/2025
DT00481,26/04/2018,2018,4,Q2,DT00481,24/10/2025
DT00482,27/04/2018,2018,4,Q2,DT00482,25/10/2025
DT00483,28/04/2018,2018,4,Q2,DT00483,26/10/2025
DT00484,29/04/2018,2018,4,Q2,DT00484,27/10/2025
DT00485,30/04/2018,2018,4,Q2,DT00485,28/10/2025
DT00486,01/05/2018,2018,5,Q2,DT00486,29/10/2025
DT00487,02/05/2018,2018,5,Q2,DT00487,30/10/2025
DT00488,03/05/2018,2018,5,Q2,DT00488,31/10/2025
DT00489,04/05/2018,2018,5,Q2,DT00489,01/11/2025
DT00490,05/05/2018,2018,5,Q2,DT00490,02/11/2025
DT00491,06/05/2018,2018,5,Q2,DT00491,03/11/2025
DT00492,07/05/2018,2018,5,Q2,DT00492,04/11/2025
DT00493,08/05/2018,2018,5,Q2,DT00493,05/11/2025
DT00494,09/05/2018,2018,5,Q2,DT00494,06/11/2025
DT00495,10/05/2018,2018,5,Q2,DT00495,07/11/2025
DT00496,11/05/2018,2018,5,Q2,DT00496,08/11/2025
DT00497,12/05/2018,2018,5,Q2,DT00497,09/11/2025
DT00498,13/05/2018,2018,5,Q2,DT00498,10/11/2025
DT00499,14/05/2018,2018,5,Q2,DT00499,11/11/2025
DT00500,15/05/2018,2018,5,Q2,DT00500,12/11/2025
DT00501,16/05/2018,2018,5,Q2,DT00501,13/11/2025
DT00502,17/05/2018,2018,5,Q2,DT00502,14/11/2025
DT00503,18/05/2018,2018,5,Q2,DT00503,15/11/2025
DT00504,19/05/2018,2018,5,Q2,DT00504,16/11/2025
DT00505,20/05/2018,2018,5,Q2,DT00505,17/11/2025
DT00506,21/05/2018,2018,5,Q2,DT00506,18/11/2025
DT00507,22/05/2018,2018,5,Q2,DT00507,19/11/2025
DT00508,23/05/2018,2018,5,Q2,DT00508,20/11/2025
DT00509,24/05/2018,2018,5,Q2,DT00509,21/11/2025
DT00510,25/05/2018,2018,5,Q2,DT00510,22/11/2025
DT00511,26/05/2018,2018,5,Q2,DT00511,23/11/2025
DT00512,27/05/2018,2018,5,Q2,DT00512,24/11/2025
DT00513,28/05/2018,2018,5,Q2,DT00513,25/11/2025
DT00514,29/05/2018,2018,5,Q2,DT00514,26/11/2025
DT00515,30/05/2018,2018,5,Q2,DT00515,27/11/2025
DT00516,31/05/2018,2018,5,Q2,DT00516,28/11/2025
DT00517,01/06/2018,2018,6,Q2,DT00517,29/11/2025
DT00518,02/06/2018,2018,6,Q2,DT00518,30/11/2025
DT00519,03/06/2018,2018,6,Q2,DT00519,01/12/2025
DT00520,04/06/2018,2018,6,Q2,DT00520,02/12/2025
DT00521,05/06/2018,2018,6,Q2,DT00521,03/12/2025
DT00522,06/06/2018,2018,6,Q2,DT00522,04/12/2025
DT00523,07/06/2018,2018,6,Q2,DT00523,05/12/2025
DT00524,08/06/2018,2018,6,Q2,DT00524,06/12/2025
DT00525,09/06/2018,2018,6,Q2,DT00525,07/12/2025
DT00526,10/06/2018,2018,6,Q2,DT00526,08/12/2025
DT00527,11/06/2018,2018,6,Q2,DT00527,09/12/2025
DT00528,12/06/2018,2018,6,Q2,DT00528,10/12/2025
DT00529,13/06/2018,2018,6,Q2,DT00529,11/12/2025
DT00530,14/06/2018,2018,6,Q2,DT00530,12/12/2025
DT00531,15/06/2018,2018,6,Q2,DT00531,13/12/2025
DT00532,16/06/2018,2018,6,Q2,DT00532,14/12/2025
DT00533,17/06/2018,2018,6,Q2,DT00533,15/12/2025
DT00534,18/06/2018,2018,6,Q2,DT00534,16/12/2025
DT00535,19/06/2018,2018,6,Q2,DT00535,17/12/2025
DT00536,20/06/2018,2018,6,Q2,DT00536,18/12/2025
DT00537,21/06/2018,2018,6,Q2,DT00537,19/12/2025
DT00538,22/06/2018,2018,6,Q2,DT00538,20/12/2025
DT00539,23/06/2018,2018,6,Q2,DT00539,21/12/2025
DT00540,24/06/2018,2018,6,Q2,DT00540,22/12/2025
DT00541,25/06/2018,2018,6,Q2,DT00541,23/12/2025
DT00542,26/06/2018,2018,6,Q2,DT00542,24/12/2025
DT00543,27/06/2018,2018,6,Q2,DT00543,25/12/2025
DT00544,28/06/2018,2018,6,Q2,DT00544,26/12/2025
DT00545,29/06/2018,2018,6,Q2,DT00545,27/12/2025
DT00546,30/06/2018,2018,6,Q2,DT00546,28/12/2025
DT00547,01/07/2018,2018,7,Q3,DT00547,29/12/2025
DT00548,02/07/2018,2018,7,Q3,DT00548,30/12/2025
DT00549,03/07/2018,2018,7,Q3,DT00549,31/12/2025
DT00550,04/07/2018,2018,7,Q3,DT00550,01/01/2026
DT00551,05/07/2018,2018,7,Q3,DT00551,02/01/2026
DT00552,06/07/2018,2018,7,Q3,DT00552,03/01/2026
DT00553,07/07/2018,2018,7,Q3,DT00553,04/01/2026
DT00554,08/07/2018,2018,7,Q3,DT00554,05/01/2026
DT00555,09/07/2018,2018,7,Q3,DT00555,06/01/2026
DT00556,10/07/2018,2018,7,Q3,DT00556,07/01/2026
DT00557,11/07/2018,2018,7,Q3,DT00557,08/01/2026
DT00558,12/07/2018,2018,7,Q3,DT00558,09/01/2026
DT00559,13/07/2018,2018,7,Q3,DT00559,10/01/2026
DT00560,14/07/2018,2018,7,Q3,DT00560,11/01/2026
DT00561,15/07/2018,2018,7,Q3,DT00561,12/01/2026
DT00562,16/07/2018,2018,7,Q3,DT00562,13/01/2026
DT00563,17/07/2018,2018,7,Q3,DT00563,14/01/2026
DT00564,18/07/2018,2018,7,Q3,DT00564,15/01/2026
DT00565,19/07/2018,2018,7,Q3,DT00565,16/01/2026
DT00566,20/07/2018,2018,7,Q3,DT00566,17/01/2026
DT00567,21/07/2018,2018,7,Q3,DT00567,18/01/2026
DT00568,22/07/2018,2018,7,Q3,DT00568,19/01/2026
DT00569,23/07/2018,2018,7,Q3,DT00569,20/01/2026
DT00570,24/07/2018,2018,7,Q3,DT00570,21/01/2026
DT00571,25/07/2018,2018,7,Q3,DT00571,22/01/2026
DT00572,26/07/2018,2018,7,Q3,DT00572,23/01/2026
DT00573,27/07/2018,2018,7,Q3,DT00573,24/01/2026
DT00574,28/07/2018,2018,7,Q3,DT00574,25/01/2026
DT00575,29/07/2018,2018,7,Q3,DT00575,26/01/2026
DT00576,30/07/2018,2018,7,Q3,DT00576,27/01/2026
DT00577,31/07/2018,2018,7,Q3,DT00577,28/01/2026
DT00578,01/08/2018,2018,8,Q3,DT00578,29/01/2026
DT00579,02/08/2018,2018,8,Q3,DT00579,30/01/2026
DT00580,03/08/2018,2018,8,Q3,DT00580,31/01/2026
DT00581,04/08/2018,2018,8,Q3,DT00581,01/02/2026
DT00582,05/08/2018,2018,8,Q3,DT00582,02/02/2026
DT00583,06/08/2018,2018,8,Q3,DT00583,03/02/2026
DT00584,07/08/2018,2018,8,Q3,DT00584,04/02/2026
DT00585,08/08/2018,2018,8,Q3,DT00585,05/02/2026
DT00586,09/08/2018,2018,8,Q3,DT00586,06/02/2026
DT00587,10/08/2018,2018,8,Q3,DT00587,07/02/2026
DT00588,11/08/2018,2018,8,Q3,DT00588,08/02/2026
DT00589,12/08/2018,2018,8,Q3,DT00589,09/02/2026
DT00590,13/08/2018,2018,8,Q3,DT00590,10/02/2026
DT00591,14/08/2018,2018,8,Q3,DT00591,11/02/2026
DT00592,15/08/2018,2018,8,Q3,DT00592,12/02/2026
DT00593,16/08/2018,2018,8,Q3,DT00593,13/02/2026
DT00594,17/08/2018,2018,8,Q3,DT00594,14/02/2026
DT00595,18/08/2018,2018,8,Q3,DT00595,15/02/2026
DT00596,19/08/2018,2018,8,Q3,DT00596,16/02/2026
DT00597,20/08/2018,2018,8,Q3,DT00597,17/02/2026
DT00598,21/08/2018,2018,8,Q3,DT00598,18/02/2026
DT00599,22/08/2018,2018,8,Q3,DT00599,19/02/2026
DT00600,23/08/2018,2018,8,Q3,DT00600,20/02/2026
DT00601,24/08/2018,2018,8,Q3,DT00601,21/02/2026
DT00602,25/08/2018,2018,8,Q3,DT00602,22/02/2026
DT00603,26/08/2018,2018,8,Q3,DT00603,23/02/2026
DT00604,27/08/2018,2018,8,Q3,DT00604,24/02/2026
DT00605,28/08/2018,2018,8,Q3,DT00605,25/02/2026
DT00606,29/08/2018,2018,8,Q3,DT00606,26/02/2026
DT00607,30/08/2018,2018,8,Q3,DT00607,27/02/2026
DT00608,31/08/2018,2018,8,Q3,DT00608,28/02/2026
DT00609,01/09/2018,2018,9,Q3,DT00609,01/03/2026
DT00610,02/09/2018,2018,9,Q3,DT00610,02/03/2026
DT00611,03/09/2018,2018,9,Q3,DT00611,03/03/2026
DT00612,04/09/2018,2018,9,Q3,DT00612,04/03/2026
DT00613,05/09/2018,2018,9,Q3,DT00613,05/03/2026
DT00614,06/09/2018,2018,9,Q3,DT00614,06/03/2026
DT00615,07/09/2018,2018,9,Q3,DT00615,07/03/2026
DT00616,08/09/2018,2018,9,Q3,DT00616,08/03/2026
DT00617,09/09/2018,2018,9,Q3,DT00617,09/03/2026
DT00618,10/09/2018,2018,9,Q3,DT00618,10/03/2026
DT00619,11/09/2018,2018,9,Q3,DT00619,11/03/2026
DT00620,12/09/2018,2018,9,Q3,DT00620,12/03/2026
DT00621,13/09/2018,2018,9,Q3,DT00621,13/03/2026
DT00622,14/09/2018,2018,9,Q3,DT00622,14/03/2026
DT00623,15/09/2018,2018,9,Q3,DT00623,15/03/2026
DT00624,16/09/2018,2018,9,Q3,DT00624,16/03/2026
DT00625,17/09/2018,2018,9,Q3,DT00625,17/03/2026
DT00626,18/09/2018,2018,9,Q3,DT00626,18/03/2026
DT00627,19/09/2018,2018,9,Q3,DT00627,19/03/2026
DT00628,20/09/2018,2018,9,Q3,DT00628,20/03/2026
DT00629,21/09/2018,2018,9,Q3,DT00629,21/03/2026
DT00630,22/09/2018,2018,9,Q3,DT00630,22/03/2026
DT00631,23/09/2018,2018,9,Q3,DT00631,23/03/2026
DT00632,24/09/2018,2018,9,Q3,DT00632,24/03/2026
DT00633,25/09/2018,2018,9,Q3,DT00633,25/03/2026
DT00634,26/09/2018,2018,9,Q3,DT00634,26/03/2026
DT00635,27/09/2018,2018,9,Q3,DT00635,27/03/2026
DT00636,28/09/2018,2018,9,Q3,DT00636,28/03/2026
DT00637,29/09/2018,2018,9,Q3,DT00637,29/03/2026
DT00638,30/09/2018,2018,9,Q3,DT00638,30/03/2026
DT00639,01/10/2018,2018,10,Q4,DT00639,31/03/2026
DT00640,02/10/2018,2018,10,Q4,DT00640,01/04/2026
DT00641,03/10/2018,2018,10,Q4,DT00641,02/04/2026
DT00642,04/10/2018,2018,10,Q4,DT00642,03/04/2026
DT00643,05/10/2018,2018,10,Q4,DT00643,04/04/2026
DT00644,06/10/2018,2018,10,Q4,DT00644,05/04/2026
DT00645,07/10/2018,2018,10,Q4,DT00645,06/04/2026
DT00646,08/10/2018,2018,10,Q4,DT00646,07/04/2026
DT00647,09/10/2018,2018,10,Q4,DT00647,08/04/2026
DT00648,10/10/2018,2018,10,Q4,DT00648,09/04/2026
DT00649,11/10/2018,2018,10,Q4,DT00649,10/04/2026
DT00650,12/10/2018,2018,10,Q4,DT00650,11/04/2026
DT00651,13/10/2018,2018,10,Q4,DT00651,12/04/2026
DT00652,14/10/2018,2018,10,Q4,DT00652,13/04/2026
DT00653,15/10/2018,2018,10,Q4,DT00653,14/04/2026
DT00654,16/10/2018,2018,10,Q4,DT00654,15/04/2026
DT00655,17/10/2018,2018,10,Q4,DT00655,16/04/2026
DT00656,18/10/2018,2018,10,Q4,DT00656,17/04/2026
DT00657,19/10/2018,2018,10,Q4,DT00657,18/04/2026
DT00658,20/10/2018,2018,10,Q4,DT00658,19/04/2026
DT00659,21/10/2018,2018,10,Q4,DT00659,20/04/2026
DT00660,22/10/2018,2018,10,Q4,DT00660,21/04/2026
DT00661,23/10/2018,2018,10,Q4,DT00661,22/04/2026
DT00662,24/10/2018,2018,10,Q4,DT00662,23/04/2026
DT00663,25/10/2018,2018,10,Q4,DT00663,24/04/2026
DT00664,26/10/2018,2018,10,Q4,DT00664,25/04/2026
DT00665,27/10/2018,2018,10,Q4,DT00665,26/04/2026
DT00666,28/10/2018,2018,10,Q4,DT00666,27/04/2026
DT00667,29/10/2018,2018,10,Q4,DT00667,28/04/2026
DT00668,30/10/2018,2018,10,Q4,DT00668,29/04/2026
DT00669,31/10/2018,2018,10,Q4,DT00669,30/04/2026
DT00670,01/11/2018,2018,11,Q4,DT00670,01/05/2026
DT00671,02/11/2018,2018,11,Q4,DT00671,02/05/2026
DT00672,03/11/2018,2018,11,Q4,DT00672,03/05/2026
DT00673,04/11/2018,2018,11,Q4,DT00673,04/05/2026
DT00674,05/11/2018,2018,11,Q4,DT00674,05/05/2026
DT00675,06/11/2018,2018,11,Q4,DT00675,06/05/2026
DT00676,07/11/2018,2018,11,Q4,DT00676,07/05/2026
DT00677,08/11/2018,2018,11,Q4,DT00677,08/05/2026
DT00678,09/11/2018,2018,11,Q4,DT00678,09/05/2026
DT00679,10/11/2018,2018,11,Q4,DT00679,10/05/2026
DT00680,11/11/2018,2018,11,Q4,DT00680,11/05/2026
DT00681,12/11/2018,2018,11,Q4,DT00681,12/05/2026
DT00682,13/11/2018,2018,11,Q4,DT00682,13/05/2026
DT00683,14/11/2018,2018,11,Q4,DT00683,14/05/2026
DT00684,15/11/2018,2018,11,Q4,DT00684,15/05/2026
DT00685,16/11/2018,2018,11,Q4,DT00685,16/05/2026
DT00686,17/11/2018,2018,11,Q4,DT00686,17/05/2026
DT00687,18/11/2018,2018,11,Q4,DT00687,18/05/2026
DT00688,19/11/2018,2018,11,Q4,DT00688,19/05/2026
DT00689,20/11/2018,2018,11,Q4,DT00689,20/05/2026
DT00690,21/11/2018,2018,11,Q4,DT00690,21/05/2026
DT00691,22/11/2018,2018,11,Q4,DT00691,22/05/2026
DT00692,23/11/2018,2018,11,Q4,DT00692,23/05/2026
DT00693,24/11/2018,2018,11,Q4,DT00693,24/05/2026
DT00694,25/11/2018,2018,11,Q4,DT00694,25/05/2026
DT00695,26/11/2018,2018,11,Q4,DT00695,26/05/2026
DT00696,27/11/2018,2018,11,Q4,DT00696,27/05/2026
DT00697,28/11/2018,2018,11,Q4,DT00697,28/05/2026
DT00698,29/11/2018,2018,11,Q4,DT00698,29/05/2026
DT00699,30/11/2018,2018,11,Q4,DT00699,30/05/2026
DT00700,01/12/2018,2018,12,Q4,DT00700,31/05/2026
DT00701,02/12/2018,2018,12,Q4,DT00701,01/06/2026
DT00702,03/12/2018,2018,12,Q4,DT00702,02/06/2026
DT00703,04/12/2018,2018,12,Q4,DT00703,03/06/2026
DT00704,05/12/2018,2018,12,Q4,DT00704,04/06/2026
DT00705,06/12/2018,2018,12,Q4,DT00705,05/06/2026
DT00706,07/12/2018,2018,12,Q4,DT00706,06/06/2026
DT00707,08/12/2018,2018,12,Q4,DT00707,07/06/2026
DT00708,09/12/2018,2018,12,Q4,DT00708,08/06/2026
DT00709,10/12/2018,2018,12,Q4,DT00709,09/06/2026
DT00710,11/12/2018,2018,12,Q4,DT00710,10/06/2026
DT00711,12/12/2018,2018,12,Q4,DT00711,11/06/2026
DT00712,13/12/2018,2018,12,Q4,DT00712,12/06/2026
DT00713,14/12/2018,2018,12,Q4,DT00713,13/06/2026
DT00714,15/12/2018,2018,12,Q4,DT00714,14/06/2026
DT00715,16/12/2018,2018,12,Q4,DT00715,15/06/2026
DT00716,17/12/2018,2018,12,Q4,DT00716,16/06/2026
DT00717,18/12/2018,2018,12,Q4,DT00717,17/06/2026
DT00718,19/12/2018,2018,12,Q4,DT00718,18/06/2026
DT00719,20/12/2018,2018,12,Q4,DT00719,19/06/2026
DT00720,21/12/2018,2018,12,Q4,DT00720,20/06/2026
DT00721,22/12/2018,2018,12,Q4,DT00721,21/06/2026
DT00722,23/12/2018,2018,12,Q4,DT00722,22/06/2026
DT00723,24/12/2018,2018,12,Q4,DT00723,23/06/2026
DT00724,25/12/2018,2018,12,Q4,DT00724,24/06/2026
DT00725,26/12/2018,2018,12,Q4,DT00725,25/06/2026
DT00726,27/12/2018,2018,12,Q4,DT00726,26/06/2026
DT00727,28/12/2018,2018,12,Q4,DT00727,27/06/2026
DT00728,29/12/2018,2018,12,Q4,DT00728,28/06/2026
DT00729,30/12/2018,2018,12,Q4,DT00729,29/06/2026
DT00730,31/12/2018,2018,12,Q4,DT00730,30/06/2026
DT00731,01/01/2019,2019,1,Q1,DT00731,01/07/2026
DT00732,02/01/2019,2019,1,Q1,DT00732,02/07/2026
DT00733,03/01/2019,2019,1,Q1,DT00733,03/07/2026
DT00734,04/01/2019,2019,1,Q1,DT00734,04/07/2026
DT00735,05/01/2019,2019,1,Q1,DT00735,05/07/2026
DT00736,06/01/2019,2019,1,Q1,DT00736,06/07/2026
DT00737,07/01/2019,2019,1,Q1,DT00737,07/07/2026
DT00738,08/01/2019,2019,1,Q1,DT00738,08/07/2026
DT00739,09/01/2019,2019,1,Q1,DT00739,09/07/2026
DT00740,10/01/2019,2019,1,Q1,DT00740,10/07/2026
DT00741,11/01/2019,2019,1,Q1,DT00741,11/07/2026
DT00742,12/01/2019,2019,1,Q1,DT00742,12/07/2026
DT00743,13/01/2019,2019,1,Q1,DT00743,13/07/2026
DT00744,14/01/2019,2019,1,Q1,DT00744,14/07/2026
DT00745,15/01/2019,2019,1,Q1,DT00745,15/07/2026
DT00746,16/01/2019,2019,1,Q1,DT00746,16/07/2026
DT00747,17/01/2019,2019,1,Q1,DT00747,17/07/2026
DT00748,18/01/2019,2019,1,Q1,DT00748,18/07/2026
DT00749,19/01/2019,2019,1,Q1,DT00749,19/07/2026
DT00750,20/01/2019,2019,1,Q1,DT00750,20/07/2026
DT00751,21/01/2019,2019,1,Q1,DT00751,21/07/2026
DT00752,22/01/2019,2019,1,Q1,DT00752,22/07/2026
DT00753,23/01/2019,2019,1,Q1,DT00753,23/07/2026
DT00754,24/01/2019,2019,1,Q1,DT00754,24/07/2026
DT00755,25/01/2019,2019,1,Q1,DT00755,25/07/2026
DT00756,26/01/2019,2019,1,Q1,DT00756,26/07/2026
DT00757,27/01/2019,2019,1,Q1,DT00757,27/07/2026
DT00758,28/01/2019,2019,1,Q1,DT00758,28/07/2026
DT00759,29/01/2019,2019,1,Q1,DT00759,29/07/2026
DT00760,30/01/2019,2019,1,Q1,DT00760,30/07/2026
DT00761,31/01/2019,2019,1,Q1,DT00761,31/07/2026
DT00762,01/02/2019,2019,2,Q1,DT00762,01/08/2026
DT00763,02/02/2019,2019,2,Q1,DT00763,02/08/2026
DT00764,03/02/2019,2019,2,Q1,DT00764,03/08/2026
DT00765,04/02/2019,2019,2,Q1,DT00765,04/08/2026
DT00766,05/02/2019,2019,2,Q1,DT00766,05/08/2026
DT00767,06/02/2019,2019,2,Q1,DT00767,06/08/2026
DT00768,07/02/2019,2019,2,Q1,DT00768,07/08/2026
DT00769,08/02/2019,2019,2,Q1,DT00769,08/08/2026
DT00770,09/02/2019,2019,2,Q1,DT00770,09/08/2026
DT00771,10/02/2019,2019,2,Q1,DT00771,10/08/2026
DT00772,11/02/2019,2019,2,Q1,DT00772,11/08/2026
DT00773,12/02/2019,2019,2,Q1,DT00773,12/08/2026
DT00774,13/02/2019,2019,2,Q1,DT00774,13/08/2026
DT00775,14/02/2019,2019,2,Q1,DT00775,14/08/2026
DT00776,15/02/2019,2019,2,Q1,DT00776,15/08/2026
DT00777,16/02/2019,2019,2,Q1,DT00777,16/08/2026
DT00778,17/02/2019,2019,2,Q1,DT00778,17/08/2026
DT00779,18/02/2019,2019,2,Q1,DT00779,18/08/2026
DT00780,19/02/2019,2019,2,Q1,DT00780,19/08/2026
DT00781,20/02/2019,2019,2,Q1,DT00781,20/08/2026
DT00782,21/02/2019,2019,2,Q1,DT00782,21/08/2026
DT00783,22/02/2019,2019,2,Q1,DT00783,22/08/2026
DT00784,23/02/2019,2019,2,Q1,DT00784,23/08/2026
DT00785,24/02/2019,2019,2,Q1,DT00785,24/08/2026
DT00786,25/02/2019,2019,2,Q1,DT00786,25/08/2026
DT00787,26/02/2019,2019,2,Q1,DT00787,26/08/2026
DT00788,27/02/2019,2019,2,Q1,DT00788,27/08/2026
DT00789,28/02/2019,2019,2,Q1,DT00789,28/08/2026
DT00790,01/03/2019,2019,3,Q1,DT00790,29/08/2026
DT00791,02/03/2019,2019,3,Q1,DT00791,30/08/2026
DT00792,03/03/2019,2019,3,Q1,DT00792,31/08/2026
DT00793,04/03/2019,2019,3,Q1,DT00793,01/09/2026
DT00794,05/03/2019,2019,3,Q1,DT00794,02/09/2026
DT00795,06/03/2019,2019,3,Q1,DT00795,03/09/2026
DT00796,07/03/2019,2019,3,Q1,DT00796,04/09/2026
DT00797,08/03/2019,2019,3,Q1,DT00797,05/09/2026
DT00798,09/03/2019,2019,3,Q1,DT00798,06/09/2026
DT00799,10/03/2019,2019,3,Q1,DT00799,07/09/2026
DT00800,11/03/2019,2019,3,Q1,DT00800,08/09/2026
DT00801,12/03/2019,2019,3,Q1,DT00801,09/09/2026
DT00802,13/03/2019,2019,3,Q1,DT00802,10/09/2026
DT00803,14/03/2019,2019,3,Q1,DT00803,11/09/2026
DT00804,15/03/2019,2019,3,Q1,DT00804,12/09/2026
DT00805,16/03/2019,2019,3,Q1,DT00805,13/09/2026
DT00806,17/03/2019,2019,3,Q1,DT00806,14/09/2026
DT00807,18/03/2019,2019,3,Q1,DT00807,15/09/2026
DT00808,19/03/2019,2019,3,Q1,DT00808,16/09/2026
DT00809,20/03/2019,2019,3,Q1,DT00809,17/09/2026
DT00810,21/03/2019,2019,3,Q1,DT00810,18/09/2026
DT00811,22/03/2019,2019,3,Q1,DT00811,19/09/2026
DT00812,23/03/2019,2019,3,Q1,DT00812,20/09/2026
DT00813,24/03/2019,2019,3,Q1,DT00813,21/09/2026
DT00814,25/03/2019,2019,3,Q1,DT00814,22/09/2026
DT00815,26/03/2019,2019,3,Q1,DT00815,23/09/2026
DT00816,27/03/2019,2019,3,Q1,DT00816,24/09/2026
DT00817,28/03/2019,2019,3,Q1,DT00817,25/09/2026
DT00818,29/03/2019,2019,3,Q1,DT00818,26/09/2026
DT00819,30/03/2019,2019,3,Q1,DT00819,27/09/2026
DT00820,31/03/2019,2019,3,Q1,DT00820,28/09/2026
DT00821,01/04/2019,2019,4,Q2,DT00821,29/09/2026
DT00822,02/04/2019,2019,4,Q2,DT00822,30/09/2026
DT00823,03/04/2019,2019,4,Q2,DT00823,01/10/2026
DT00824,04/04/2019,2019,4,Q2,DT00824,02/10/2026
DT00825,05/04/2019,2019,4,Q2,DT00825,03/10/2026
DT00826,06/04/2019,2019,4,Q2,DT00826,04/10/2026
DT00827,07/04/2019,2019,4,Q2,DT00827,05/10/2026
DT00828,08/04/2019,2019,4,Q2,DT00828,06/10/2026
DT00829,09/04/2019,2019,4,Q2,DT00829,07/10/2026
DT00830,10/04/2019,2019,4,Q2,DT00830,08/10/2026
DT00831,11/04/2019,2019,4,Q2,DT00831,09/10/2026
DT00832,12/04/2019,2019,4,Q2,DT00832,10/10/2026
DT00833,13/04/2019,2019,4,Q2,DT00833,11/10/2026
DT00834,14/04/2019,2019,4,Q2,DT00834,12/10/2026
DT00835,15/04/2019,2019,4,Q2,DT00835,13/10/2026
DT00836,16/04/2019,2019,4,Q2,DT00836,14/10/2026
DT00837,17/04/2019,2019,4,Q2,DT00837,15/10/2026
DT00838,18/04/2019,2019,4,Q2,DT00838,16/10/2026
DT00839,19/04/2019,2019,4,Q2,DT00839,17/10/2026
DT00840,20/04/2019,2019,4,Q2,DT00840,18/10/2026
DT00841,21/04/2019,2019,4,Q2,DT00841,19/10/2026
DT00842,22/04/2019,2019,4,Q2,DT00842,20/10/2026
DT00843,23/04/2019,2019,4,Q2,DT00843,21/10/2026
DT00844,24/04/2019,2019,4,Q2,DT00844,22/10/2026
DT00845,25/04/2019,2019,4,Q2,DT00845,23/10/2026
DT00846,26/04/2019,2019,4,Q2,DT00846,24/10/2026
DT00847,27/04/2019,2019,4,Q2,DT00847,25/10/2026
DT00848,28/04/2019,2019,4,Q2,DT00848,26/10/2026
DT00849,29/04/2019,2019,4,Q2,DT00849,27/10/2026
DT00850,30/04/2019,2019,4,Q2,DT00850,28/10/2026
DT00851,01/05/2019,2019,5,Q2,DT00851,29/10/2026
DT00852,02/05/2019,2019,5,Q2,DT00852,30/10/2026
DT00853,03/05/2019,2019,5,Q2,DT00853,31/10/2026
DT00854,04/05/2019,2019,5,Q2,DT00854,01/11/2026
DT00855,05/05/2019,2019,5,Q2,DT00855,02/11/2026
DT00856,06/05/2019,2019,5,Q2,DT00856,03/11/2026
DT00857,07/05/2019,2019,5,Q2,DT00857,04/11/2026
DT00858,08/05/2019,2019,5,Q2,DT00858,05/11/2026
DT00859,09/05/2019,2019,5,Q2,DT00859,06/11/2026
DT00860,10/05/2019,2019,5,Q2,DT00860,07/11/2026
DT00861,11/05/2019,2019,5,Q2,DT00861,08/11/2026
DT00862,12/05/2019,2019,5,Q2,DT00862,09/11/2026
DT00863,13/05/2019,2019,5,Q2,DT00863,10/11/2026
DT00864,14/05/2019,2019,5,Q2,DT00864,11/11/2026
DT00865,15/05/2019,2019,5,Q2,DT00865,12/11/2026
DT00866,16/05/2019,2019,5,Q2,DT00866,13/11/2026
DT00867,17/05/2019,2019,5,Q2,DT00867,14/11/2026
DT00868,18/05/2019,2019,5,Q2,DT00868,15/11/2026
DT00869,19/05/2019,2019,5,Q2,DT00869,16/11/2026
DT00870,20/05/2019,2019,5,Q2,DT00870,17/11/2026
DT00871,21/05/2019,2019,5,Q2,DT00871,18/11/2026
DT00872,22/05/2019,2019,5,Q2,DT00872,19/11/2026
DT00873,23/05/2019,2019,5,Q2,DT00873,20/11/2026
DT00874,24/05/2019,2019,5,Q2,DT00874,21/11/2026
DT00875,25/05/2019,2019,5,Q2,DT00875,22/11/2026
DT00876,26/05/2019,2019,5,Q2,DT00876,23/11/2026
DT00877,27/05/2019,2019,5,Q2,DT00877,24/11/2026
DT00878,28/05/2019,2019,5,Q2,DT00878,25/11/2026
DT00879,29/05/2019,2019,5,Q2,DT00879,26/11/2026
DT00880,30/05/2019,2019,5,Q2,DT00880,27/11/2026
DT00881,31/05/2019,2019,5,Q2,DT00881,28/11/2026
DT00882,01/06/2019,2019,6,Q2,DT00882,29/11/2026
DT00883,02/06/2019,2019,6,Q2,DT00883,30/11/2026
DT00884,03/06/2019,2019,6,Q2,DT00884,01/12/2026
DT00885,04/06/2019,2019,6,Q2,DT00885,02/12/2026
DT00886,05/06/2019,2019,6,Q2,DT00886,03/12/2026
DT00887,06/06/2019,2019,6,Q2,DT00887,04/12/2026
DT00888,07/06/2019,2019,6,Q2,DT00888,05/12/2026
DT00889,08/06/2019,2019,6,Q2,DT00889,06/12/2026
DT00890,09/06/2019,2019,6,Q2,DT00890,07/12/2026
DT00891,10/06/2019,2019,6,Q2,DT00891,08/12/2026
DT00892,11/06/2019,2019,6,Q2,DT00892,09/12/2026
DT00893,12/06/2019,2019,6,Q2,DT00893,10/12/2026
DT00894,13/06/2019,2019,6,Q2,DT00894,11/12/2026
DT00895,14/06/2019,2019,6,Q2,DT00895,12/12/2026
DT00896,15/06/2019,2019,6,Q2,DT00896,13/12/2026
DT00897,16/06/2019,2019,6,Q2,DT00897,14/12/2026
DT00898,17/06/2019,2019,6,Q2,DT00898,15/12/2026
DT00899,18/06/2019,2019,6,Q2,DT00899,16/12/2026
DT00900,19/06/2019,2019,6,Q2,DT00900,17/12/2026
DT00901,20/06/2019,2019,6,Q2,DT00901,18/12/2026
DT00902,21/06/2019,2019,6,Q2,DT00902,19/12/2026
DT00903,22/06/2019,2019,6,Q2,DT00903,20/12/2026
DT00904,23/06/2019,2019,6,Q2,DT00904,21/12/2026
DT00905,24/06/2019,2019,6,Q2,DT00905,22/12/2026
DT00906,25/06/2019,2019,6,Q2,DT00906,23/12/2026
DT00907,26/06/2019,2019,6,Q2,DT00907,24/12/2026
DT00908,27/06/2019,2019,6,Q2,DT00908,25/12/2026
DT00909,28/06/2019,2019,6,Q2,DT00909,26/12/2026
DT00910,29/06/2019,2019,6,Q2,DT00910,27/12/2026
DT00911,30/06/2019,2019,6,Q2,DT00911,28/12/2026
DT00912,01/07/2019,2019,7,Q3,DT00912,29/12/2026
DT00913,02/07/2019,2019,7,Q3,DT00913,30/12/2026
DT00914,03/07/2019,2019,7,Q3,DT00914,31/12/2026
DT00915,04/07/2019,2019,7,Q3,DT00915,01/01/2027
DT00916,05/07/2019,2019,7,Q3,DT00916,02/01/2027
DT00917,06/07/2019,2019,7,Q3,DT00917,03/01/2027
DT00918,07/07/2019,2019,7,Q3,DT00918,04/01/2027
DT00919,08/07/2019,2019,7,Q3,DT00919,05/01/2027
DT00920,09/07/2019,2019,7,Q3,DT00920,06/01/2027
DT00921,10/07/2019,2019,7,Q3,DT00921,07/01/2027
DT00922,11/07/2019,2019,7,Q3,DT00922,08/01/2027
DT00923,12/07/2019,2019,7,Q3,DT00923,09/01/2027
DT00924,13/07/2019,2019,7,Q3,DT00924,10/01/2027
DT00925,14/07/2019,2019,7,Q3,DT00925,11/01/2027
DT00926,15/07/2019,2019,7,Q3,DT00926,12/01/2027
DT00927,16/07/2019,2019,7,Q3,DT00927,13/01/2027
DT00928,17/07/2019,2019,7,Q3,DT00928,14/01/2027
DT00929,18/07/2019,2019,7,Q3,DT00929,15/01/2027
DT00930,19/07/2019,2019,7,Q3,DT00930,16/01/2027
DT00931,20/07/2019,2019,7,Q3,DT00931,17/01/2027
DT00932,21/07/2019,2019,7,Q3,DT00932,18/01/2027
DT00933,22/07/2019,2019,7,Q3,DT00933,19/01/2027
DT00934,23/07/2019,2019,7,Q3,DT00934,20/01/2027
DT00935,24/07/2019,2019,7,Q3,DT00935,21/01/2027
DT00936,25/07/2019,2019,7,Q3,DT00936,22/01/2027
DT00937,26/07/2019,2019,7,Q3,DT00937,23/01/2027
DT00938,27/07/2019,2019,7,Q3,DT00938,24/01/2027
DT00939,28/07/2019,2019,7,Q3,DT00939,25/01/2027
DT00940,29/07/2019,2019,7,Q3,DT00940,26/01/2027
DT00941,30/07/2019,2019,7,Q3,DT00941,27/01/2027
DT00942,31/07/2019,2019,7,Q3,DT00942,28/01/2027
DT00943,01/08/2019,2019,8,Q3,DT00943,29/01/2027
DT00944,02/08/2019,2019,8,Q3,DT00944,30/01/2027
DT00945,03/08/2019,2019,8,Q3,DT00945,31/01/2027
DT00946,04/08/2019,2019,8,Q3,DT00946,01/02/2027
DT00947,05/08/2019,2019,8,Q3,DT00947,02/02/2027
DT00948,06/08/2019,2019,8,Q3,DT00948,03/02/2027
DT00949,07/08/2019,2019,8,Q3,DT00949,04/02/2027
DT00950,08/08/2019,2019,8,Q3,DT00950,05/02/2027
DT00951,09/08/2019,2019,8,Q3,DT00951,06/02/2027
DT00952,10/08/2019,2019,8,Q3,DT00952,07/02/2027
DT00953,11/08/2019,2019,8,Q3,DT00953,08/02/2027
DT00954,12/08/2019,2019,8,Q3,DT00954,09/02/2027
DT00955,13/08/2019,2019,8,Q3,DT00955,10/02/2027
DT00956,14/08/2019,2019,8,Q3,DT00956,11/02/2027
DT00957,15/08/2019,2019,8,Q3,DT00957,12/02/2027
DT00958,16/08/2019,2019,8,Q3,DT00958,13/02/2027
DT00959,17/08/2019,2019,8,Q3,DT00959,14/02/2027
DT00960,18/08/2019,2019,8,Q3,DT00960,15/02/2027
DT00961,19/08/2019,2019,8,Q3,DT00961,16/02/2027
DT00962,20/08/2019,2019,8,Q3,DT00962,17/02/2027
DT00963,21/08/2019,2019,8,Q3,DT00963,18/02/2027
DT00964,22/08/2019,2019,8,Q3,DT00964,19/02/2027
DT00965,23/08/2019,2019,8,Q3,DT00965,20/02/2027
DT00966,24/08/2019,2019,8,Q3,DT00966,21/02/2027
DT00967,25/08/2019,2019,8,Q3,DT00967,22/02/2027
DT00968,26/08/2019,2019,8,Q3,DT00968,23/02/2027
DT00969,27/08/2019,2019,8,Q3,DT00969,24/02/2027
DT00970,28/08/2019,2019,8,Q3,DT00970,25/02/2027
DT00971,29/08/2019,2019,8,Q3,DT00971,26/02/2027
DT00972,30/08/2019,2019,8,Q3,DT00972,27/02/2027
DT00973,31/08/2019,2019,8,Q3,DT00973,28/02/2027
DT00974,01/09/2019,2019,9,Q3,DT00974,01/03/2027
DT00975,02/09/2019,2019,9,Q3,DT00975,02/03/2027
DT00976,03/09/2019,2019,9,Q3,DT00976,03/03/2027
DT00977,04/09/2019,2019,9,Q3,DT00977,04/03/2027
DT00978,05/09/2019,2019,9,Q3,DT00978,05/03/2027
DT00979,06/09/2019,2019,9,Q3,DT00979,06/03/2027
DT00980,07/09/2019,2019,9,Q3,DT00980,07/03/2027
DT00981,08/09/2019,2019,9,Q3,DT00981,08/03/2027
DT00982,09/09/2019,2019,9,Q3,DT00982,09/03/2027
DT00983,10/09/2019,2019,9,Q3,DT00983,10/03/2027
DT00984,11/09/2019,2019,9,Q3,DT00984,11/03/2027
DT00985,12/09/2019,2019,9,Q3,DT00985,12/03/2027
DT00986,13/09/2019,2019,9,Q3,DT00986,13/03/2027
DT00987,14/09/2019,2019,9,Q3,DT00987,14/03/2027
DT00988,15/09/2019,2019,9,Q3,DT00988,15/03/2027
DT00989,16/09/2019,2019,9,Q3,DT00989,16/03/2027
DT00990,17/09/2019,2019,9,Q3,DT00990,17/03/2027
DT00991,18/09/2019,2019,9,Q3,DT00991,18/03/2027
DT00992,19/09/2019,2019,9,Q3,DT00992,19/03/2027
DT00993,20/09/2019,2019,9,Q3,DT00993,20/03/2027
DT00994,21/09/2019,2019,9,Q3,DT00994,21/03/2027
DT00995,22/09/2019,2019,9,Q3,DT00995,22/03/2027
DT00996,23/09/2019,2019,9,Q3,DT00996,23/03/2027
DT00997,24/09/2019,2019,9,Q3,DT00997,24/03/2027
DT00998,25/09/2019,2019,9,Q3,DT00998,25/03/2027
DT00999,26/09/2019,2019,9,Q3,DT00999,26/03/2027
DT01000,27/09/2019,2019,9,Q3,DT01000,27/03/2027
DT01001,28/09/2019,2019,9,Q3,DT01001,28/03/2027
DT01002,29/09/2019,2019,9,Q3,DT01002,29/03/2027
DT01003,30/09/2019,2019,9,Q3,DT01003,30/03/2027
DT01004,01/10/2019,2019,10,Q4,DT01004,31/03/2027
DT01005,02/10/2019,2019,10,Q4,DT01005,01/04/2027
DT01006,03/10/2019,2019,10,Q4,DT01006,02/04/2027
DT01007,04/10/2019,2019,10,Q4,DT01007,03/04/2027
DT01008,05/10/2019,2019,10,Q4,DT01008,04/04/2027
DT01009,06/10/2019,2019,10,Q4,DT01009,05/04/2027
DT01010,07/10/2019,2019,10,Q4,DT01010,06/04/2027
DT01011,08/10/2019,2019,10,Q4,DT01011,07/04/2027
DT01012,09/10/2019,2019,10,Q4,DT01012,08/04/2027
DT01013,10/10/2019,2019,10,Q4,DT01013,09/04/2027
DT01014,11/10/2019,2019,10,Q4,DT01014,10/04/2027
DT01015,12/10/2019,2019,10,Q4,DT01015,11/04/2027
DT01016,13/10/2019,2019,10,Q4,DT01016,12/04/2027
DT01017,14/10/2019,2019,10,Q4,DT01017,13/04/2027
DT01018,15/10/2019,2019,10,Q4,DT01018,14/04/2027
DT01019,16/10/2019,2019,10,Q4,DT01019,15/04/2027
DT01020,17/10/2019,2019,10,Q4,DT01020,16/04/2027
DT01021,18/10/2019,2019,10,Q4,DT01021,17/04/2027
DT01022,19/10/2019,2019,10,Q4,DT01022,18/04/2027
DT01023,20/10/2019,2019,10,Q4,DT01023,19/04/2027
DT01024,21/10/2019,2019,10,Q4,DT01024,20/04/2027
DT01025,22/10/2019,2019,10,Q4,DT01025,21/04/2027
DT01026,23/10/2019,2019,10,Q4,DT01026,22/04/2027
DT01027,24/10/2019,2019,10,Q4,DT01027,23/04/2027
DT01028,25/10/2019,2019,10,Q4,DT01028,24/04/2027
DT01029,26/10/2019,2019,10,Q4,DT01029,25/04/2027
DT01030,27/10/2019,2019,10,Q4,DT01030,26/04/2027
DT01031,28/10/2019,2019,10,Q4,DT01031,27/04/2027
DT01032,29/10/2019,2019,10,Q4,DT01032,28/04/2027
DT01033,30/10/2019,2019,10,Q4,DT01033,29/04/2027
DT01034,31/10/2019,2019,10,Q4,DT01034,30/04/2027
DT01035,01/11/2019,2019,11,Q4,DT01035,01/05/2027
DT01036,02/11/2019,2019,11,Q4,DT01036,02/05/2027
DT01037,03/11/2019,2019,11,Q4,DT01037,03/05/2027
DT01038,04/11/2019,2019,11,Q4,DT01038,04/05/2027
DT01039,05/11/2019,2019,11,Q4,DT01039,05/05/2027
DT01040,06/11/2019,2019,11,Q4,DT01040,06/05/2027
DT01041,07/11/2019,2019,11,Q4,DT01041,07/05/2027
DT01042,08/11/2019,2019,11,Q4,DT01042,08/05/2027
DT01043,09/11/2019,2019,11,Q4,DT01043,09/05/2027
DT01044,10/11/2019,2019,11,Q4,DT01044,10/05/2027
DT01045,11/11/2019,2019,11,Q4,DT01045,11/05/2027
DT01046,12/11/2019,2019,11,Q4,DT01046,12/05/2027
DT01047,13/11/2019,2019,11,Q4,DT01047,13/05/2027
DT01048,14/11/2019,2019,11,Q4,DT01048,14/05/2027
DT01049,15/11/2019,2019,11,Q4,DT01049,15/05/2027
DT01050,16/11/2019,2019,11,Q4,DT01050,16/05/2027
DT01051,17/11/2019,2019,11,Q4,DT01051,17/05/2027
DT01052,18/11/2019,2019,11,Q4,DT01052,18/05/2027
DT01053,19/11/2019,2019,11,Q4,DT01053,19/05/2027
DT01054,20/11/2019,2019,11,Q4,DT01054,20/05/2027
DT01055,21/11/2019,2019,11,Q4,DT01055,21/05/2027
DT01056,22/11/2019,2019,11,Q4,DT01056,22/05/2027
DT01057,23/11/2019,2019,11,Q4,DT01057,23/05/2027
DT01058,24/11/2019,2019,11,Q4,DT01058,24/05/2027
DT01059,25/11/2019,2019,11,Q4,DT01059,25/05/2027
DT01060,26/11/2019,2019,11,Q4,DT01060,26/05/2027
DT01061,27/11/2019,2019,11,Q4,DT01061,27/05/2027
DT01062,28/11/2019,2019,11,Q4,DT01062,28/05/2027
DT01063,29/11/2019,2019,11,Q4,DT01063,29/05/2027
DT01064,30/11/2019,2019,11,Q4,DT01064,30/05/2027
DT01065,01/12/2019,2019,12,Q4,DT01065,31/05/2027
DT01066,02/12/2019,2019,12,Q4,DT01066,01/06/2027
DT01067,03/12/2019,2019,12,Q4,DT01067,02/06/2027
DT01068,04/12/2019,2019,12,Q4,DT01068,03/06/2027
DT01069,05/12/2019,2019,12,Q4,DT01069,04/06/2027
DT01070,06/12/2019,2019,12,Q4,DT01070,05/06/2027
DT01071,07/12/2019,2019,12,Q4,DT01071,06/06/2027
DT01072,08/12/2019,2019,12,Q4,DT01072,07/06/2027
DT01073,09/12/2019,2019,12,Q4,DT01073,08/06/2027
DT01074,10/12/2019,2019,12,Q4,DT01074,09/06/2027
DT01075,11/12/2019,2019,12,Q4,DT01075,10/06/2027
DT01076,12/12/2019,2019,12,Q4,DT01076,11/06/2027
DT01077,13/12/2019,2019,12,Q4,DT01077,12/06/2027
DT01078,14/12/2019,2019,12,Q4,DT01078,13/06/2027
DT01079,15/12/2019,2019,12,Q4,DT01079,14/06/2027
DT01080,16/12/2019,2019,12,Q4,DT01080,15/06/2027
DT01081,17/12/2019,2019,12,Q4,DT01081,16/06/2027
DT01082,18/12/2019,2019,12,Q4,DT01082,17/06/2027
DT01083,19/12/2019,2019,12,Q4,DT01083,18/06/2027
DT01084,20/12/2019,2019,12,Q4,DT01084,19/06/2027
DT01085,21/12/2019,2019,12,Q4,DT01085,20/06/2027
DT01086,22/12/2019,2019,12,Q4,DT01086,21/06/2027
DT01087,23/12/2019,2019,12,Q4,DT01087,22/06/2027
DT01088,24/12/2019,2019,12,Q4,DT01088,23/06/2027
DT01089,25/12/2019,2019,12,Q4,DT01089,24/06/2027
DT01090,26/12/2019,2019,12,Q4,DT01090,25/06/2027
DT01091,27/12/2019,2019,12,Q4,DT01091,26/06/2027
DT01092,28/12/2019,2019,12,Q4,DT01092,27/06/2027
DT01093,29/12/2019,2019,12,Q4,DT01093,28/06/2027
DT01094,30/12/2019,2019,12,Q4,DT01094,29/06/2027
DT01095,31/12/2019,2019,12,Q4,DT01095,30/06/2027
DT01096,01/01/2020,2020,1,Q1,DT01096,01/07/2027
DT01097,02/01/2020,2020,1,Q1,DT01097,02/07/2027
DT01098,03/01/2020,2020,1,Q1,DT01098,03/07/2027
DT01099,04/01/2020,2020,1,Q1,DT01099,04/07/2027
DT01100,05/01/2020,2020,1,Q1,DT01100,05/07/2027
DT01101,06/01/2020,2020,1,Q1,DT01101,06/07/2027
DT01102,07/01/2020,2020,1,Q1,DT01102,07/07/2027
DT01103,08/01/2020,2020,1,Q1,DT01103,08/07/2027
DT01104,09/01/2020,2020,1,Q1,DT01104,09/07/2027
DT01105,10/01/2020,2020,1,Q1,DT01105,10/07/2027
DT01106,11/01/2020,2020,1,Q1,DT01106,11/07/2027
DT01107,12/01/2020,2020,1,Q1,DT01107,12/07/2027
DT01108,13/01/2020,2020,1,Q1,DT01108,13/07/2027
,,,,,,
,,,,,,
,,,,,,
,,,,,,
,,,,,,
,,,,,,
,,,,,,
,,,,,,
,,,,,,
,,,,,,
,,,,,,
,,,,,,
,,,,,,
,,,,,,
,,,,,,
,,,,,,
,,,,,,
,,,,,,
,,,,,,
,,,,,,
,,,,,,
,,,,,,
,,,,,,
,,,,,,
,,,,,,
,,,,,,
,,,,,,
,,,,,,
,,,,,,
,,,,,,
,,,,,,
,,,,,,
,,,,,,
,,,,,,
,,,,,,
,,,,,,
,,,,,,
,,,,,,
,,,,,,
,,,,,,
,,,,,,
,,,,,,
,,,,,,
,,,,,,
,,,,,,
,,,,,,
,,,,,,
,,,,,,
,,,,,,
,,,,,,
,,,,,,
,,,,,,
,,,,,,
,,,,,,
,,,,,,
,,,,,,
,,,,,,
,,,,,,
,,,,,,
,,,,,,
,,,,,,
,,,,,,
,,,,,,
,,,,,,
,,,,,,
,,,,,,
,,,,,,
,,,,,,
,,,,,,
,,,,,,
,,,,,,
,,,,,,
,,,,,,
,,,,,,
,,,,,,
,,,,,,
,,,,,,
,,,,,,
,,,,,,
,,,,,,
,,,,,,
,,,,,,
,,,,,,
,,,,,,
,,,,,,
,,,,,,
,,,,,,
,,,,,,
,,,,,,
,,,,,,
,,,,,,
,,,,,,
,,,,,,
,,,,,,
,,,,,,
,,,,,,
,,,,,,
,,,,,,
,,,,,,
,,,,,,
,,,,,,
,,,,,,
,,,,,,
,,,,,,
,,,,,,
,,,,,,
,,,,,,
,,,,,,
,,,,,,
,,,,,,
,,,,,,
,,,,,,
,,,,,,
,,,,,,
,,,,,,
,,,,,,
,,,,,,
,,,,,,
,,,,,,
,,,,,,
,,,,,,
,,,,,,
,,,,,,
,,,,,,
,,,,,,
,,,,,,
,,,,,,
,,,,,,
,,,,,,
,,,,,,
,,,,,,
,,,,,,
,,,,,,
,,,,,,
,,,,,,
,,,,,,
,,,,,,
,,,,,,
,,,,,,
